-- MySQL dump 10.13  Distrib 8.0.17, for Win64 (x86_64)
--
-- Host: localhost    Database: db_ecommerce
-- ------------------------------------------------------
-- Server version	5.5.5-10.4.13-MariaDB

/*!40101 SET @OLD_CHARACTER_SET_CLIENT=@@CHARACTER_SET_CLIENT */;
/*!40101 SET @OLD_CHARACTER_SET_RESULTS=@@CHARACTER_SET_RESULTS */;
/*!40101 SET @OLD_COLLATION_CONNECTION=@@COLLATION_CONNECTION */;
/*!50503 SET NAMES utf8 */;
/*!40103 SET @OLD_TIME_ZONE=@@TIME_ZONE */;
/*!40103 SET TIME_ZONE='+00:00' */;
/*!40014 SET @OLD_UNIQUE_CHECKS=@@UNIQUE_CHECKS, UNIQUE_CHECKS=0 */;
/*!40014 SET @OLD_FOREIGN_KEY_CHECKS=@@FOREIGN_KEY_CHECKS, FOREIGN_KEY_CHECKS=0 */;
/*!40101 SET @OLD_SQL_MODE=@@SQL_MODE, SQL_MODE='NO_AUTO_VALUE_ON_ZERO' */;
/*!40111 SET @OLD_SQL_NOTES=@@SQL_NOTES, SQL_NOTES=0 */;

--
-- Table structure for table `tb_addresses`
--

DROP TABLE IF EXISTS `tb_addresses`;
/*!40101 SET @saved_cs_client     = @@character_set_client */;
/*!50503 SET character_set_client = utf8mb4 */;
CREATE TABLE `tb_addresses` (
  `idaddress` int(11) NOT NULL AUTO_INCREMENT,
  `idperson` int(11) NOT NULL,
  `desaddress` varchar(128) NOT NULL,
  `descomplement` varchar(32) DEFAULT NULL,
  `descity` varchar(32) NOT NULL,
  `desstate` varchar(32) NOT NULL,
  `descountry` varchar(32) NOT NULL,
  `nrzipcode` int(11) NOT NULL,
  `dtregister` timestamp NOT NULL DEFAULT current_timestamp(),
  `desdistrict` varchar(32) NOT NULL,
  PRIMARY KEY (`idaddress`),
  KEY `fk_addresses_persons_idx` (`idperson`),
  CONSTRAINT `fk_addresses_persons` FOREIGN KEY (`idperson`) REFERENCES `tb_persons` (`idperson`) ON DELETE NO ACTION ON UPDATE NO ACTION
) ENGINE=InnoDB AUTO_INCREMENT=12 DEFAULT CHARSET=utf8;
/*!40101 SET character_set_client = @saved_cs_client */;

--
-- Dumping data for table `tb_addresses`
--

LOCK TABLES `tb_addresses` WRITE;
/*!40000 ALTER TABLE `tb_addresses` DISABLE KEYS */;
INSERT INTO `tb_addresses` VALUES (1,1,'a','a','a','a','a',0,'2020-09-12 16:54:38','a'),(11,1,'Rua Lourenço Rodrigues Souza','','São Paulo','SP','Brasil',0,'2020-10-01 17:11:13','Vila Ramos');
/*!40000 ALTER TABLE `tb_addresses` ENABLE KEYS */;
UNLOCK TABLES;

--
-- Table structure for table `tb_carts`
--

DROP TABLE IF EXISTS `tb_carts`;
/*!40101 SET @saved_cs_client     = @@character_set_client */;
/*!50503 SET character_set_client = utf8mb4 */;
CREATE TABLE `tb_carts` (
  `idcart` int(11) NOT NULL AUTO_INCREMENT,
  `dessessionid` varchar(64) NOT NULL,
  `iduser` int(11) DEFAULT NULL,
  `deszipcode` char(8) DEFAULT NULL,
  `vlfreight` decimal(10,2) DEFAULT NULL,
  `nrdays` int(11) DEFAULT NULL,
  `dtregister` timestamp NOT NULL DEFAULT current_timestamp(),
  PRIMARY KEY (`idcart`),
  KEY `FK_carts_users_idx` (`iduser`),
  CONSTRAINT `fk_carts_users` FOREIGN KEY (`iduser`) REFERENCES `tb_users` (`iduser`) ON DELETE NO ACTION ON UPDATE NO ACTION
) ENGINE=InnoDB AUTO_INCREMENT=24 DEFAULT CHARSET=utf8;
/*!40101 SET character_set_client = @saved_cs_client */;

--
-- Dumping data for table `tb_carts`
--

LOCK TABLES `tb_carts` WRITE;
/*!40000 ALTER TABLE `tb_carts` DISABLE KEYS */;
INSERT INTO `tb_carts` VALUES (3,'g73749ocug8gq28kcvfb6elo3u',1,NULL,NULL,NULL,'2020-08-27 16:51:45'),(4,'3897p3l7do09p17l7s7p07kruh',NULL,NULL,NULL,NULL,'2020-08-27 20:18:49'),(5,'nbbtb898gbijucpldf8i63ob44',NULL,NULL,NULL,NULL,'2020-08-27 20:18:49'),(6,'25ssfvlvu1s2khnghkb142btru',NULL,'02760050',81.35,13,'2020-08-28 17:59:15'),(7,'6la419bhllaeu9legd2o87tctq',NULL,'',0.00,0,'2020-08-31 16:24:39'),(8,'oos6jukohfi97tjrk0e51dha90',NULL,NULL,NULL,NULL,'2020-09-03 21:40:58'),(11,'n6sufcqc6l7f0fe09vlsivp74v',NULL,NULL,NULL,NULL,'2020-09-07 21:24:46'),(13,'toan68g7p4hf5f1g7uiu2culsa',1,'57607380',268.66,11,'2020-09-10 19:08:55'),(18,'j5q94dlum018ahfbpig140msi5',NULL,NULL,NULL,NULL,'2020-09-28 21:35:27'),(19,'ufg0unmq0r2p06l5jls70mh4vd',NULL,'02760050',57.14,13,'2020-10-01 16:53:50'),(20,'sk2d51aadsl0lqk9vq29hpe3kq',NULL,NULL,NULL,NULL,'2020-10-01 19:34:58'),(21,'jfa2sh3kjhmbsvk0r028c96k2r',NULL,NULL,NULL,NULL,'2020-10-03 16:04:56'),(22,'5rp1v97v5r9rqk54sitl78tbl4',NULL,NULL,NULL,NULL,'2020-10-04 19:11:22'),(23,'pqcu52magohc9j8jdt4ukqms7c',NULL,NULL,NULL,NULL,'2020-10-05 20:56:48');
/*!40000 ALTER TABLE `tb_carts` ENABLE KEYS */;
UNLOCK TABLES;

--
-- Table structure for table `tb_cartsproducts`
--

DROP TABLE IF EXISTS `tb_cartsproducts`;
/*!40101 SET @saved_cs_client     = @@character_set_client */;
/*!50503 SET character_set_client = utf8mb4 */;
CREATE TABLE `tb_cartsproducts` (
  `idcartproduct` int(11) NOT NULL AUTO_INCREMENT,
  `idcart` int(11) NOT NULL,
  `idproduct` int(11) NOT NULL,
  `dtremoved` datetime DEFAULT NULL,
  `dtregister` timestamp NOT NULL DEFAULT current_timestamp(),
  PRIMARY KEY (`idcartproduct`),
  KEY `FK_cartsproducts_carts_idx` (`idcart`),
  KEY `FK_cartsproducts_products_idx` (`idproduct`),
  CONSTRAINT `fk_cartsproducts_carts` FOREIGN KEY (`idcart`) REFERENCES `tb_carts` (`idcart`) ON DELETE NO ACTION ON UPDATE NO ACTION,
  CONSTRAINT `fk_cartsproducts_products` FOREIGN KEY (`idproduct`) REFERENCES `tb_products` (`idproduct`) ON DELETE NO ACTION ON UPDATE NO ACTION
) ENGINE=InnoDB AUTO_INCREMENT=40 DEFAULT CHARSET=utf8;
/*!40101 SET character_set_client = @saved_cs_client */;

--
-- Dumping data for table `tb_cartsproducts`
--

LOCK TABLES `tb_cartsproducts` WRITE;
/*!40000 ALTER TABLE `tb_cartsproducts` DISABLE KEYS */;
INSERT INTO `tb_cartsproducts` VALUES (15,6,7,'2020-08-28 15:00:38','2020-08-28 17:59:30'),(16,6,7,'2020-08-28 15:00:38','2020-08-28 17:59:43'),(17,6,7,'2020-08-28 15:00:38','2020-08-28 17:59:45'),(18,6,7,'2020-08-28 15:00:38','2020-08-28 17:59:47'),(19,6,6,'2020-08-28 17:19:00','2020-08-28 18:00:19'),(20,6,7,'2020-08-28 15:00:38','2020-08-28 18:00:33'),(21,6,7,'2020-08-28 17:19:13','2020-08-28 18:00:47'),(22,6,7,'2020-08-28 17:19:14','2020-08-28 20:19:06'),(23,6,7,'2020-08-28 17:19:16','2020-08-28 20:19:09'),(24,6,6,NULL,'2020-08-28 20:37:59'),(25,6,6,NULL,'2020-08-28 20:38:16'),(26,7,7,'2020-08-31 13:36:09','2020-08-31 16:26:21'),(27,13,6,'2020-09-10 16:20:41','2020-09-10 19:09:02'),(28,13,7,'2020-09-10 16:28:48','2020-09-10 19:12:14'),(29,13,7,NULL,'2020-09-10 19:13:34'),(30,13,7,NULL,'2020-09-10 19:28:39'),(31,13,7,NULL,'2020-09-10 19:28:43'),(32,13,7,NULL,'2020-09-10 19:28:46'),(38,19,6,NULL,'2020-10-01 17:10:50'),(39,23,7,NULL,'2020-10-05 22:13:06');
/*!40000 ALTER TABLE `tb_cartsproducts` ENABLE KEYS */;
UNLOCK TABLES;

--
-- Table structure for table `tb_categories`
--

DROP TABLE IF EXISTS `tb_categories`;
/*!40101 SET @saved_cs_client     = @@character_set_client */;
/*!50503 SET character_set_client = utf8mb4 */;
CREATE TABLE `tb_categories` (
  `idcategory` int(11) NOT NULL AUTO_INCREMENT,
  `descategory` varchar(32) NOT NULL,
  `dtregister` timestamp NOT NULL DEFAULT current_timestamp(),
  PRIMARY KEY (`idcategory`)
) ENGINE=InnoDB AUTO_INCREMENT=14 DEFAULT CHARSET=utf8;
/*!40101 SET character_set_client = @saved_cs_client */;

--
-- Dumping data for table `tb_categories`
--

LOCK TABLES `tb_categories` WRITE;
/*!40000 ALTER TABLE `tb_categories` DISABLE KEYS */;
INSERT INTO `tb_categories` VALUES (8,'Apple','2020-08-22 01:32:14'),(9,'Samsung','2020-08-22 01:32:33'),(10,'Motorola','2020-08-22 01:32:45'),(11,'Nokia','2020-08-22 01:32:56'),(13,'Alcatel','2020-08-22 18:25:41');
/*!40000 ALTER TABLE `tb_categories` ENABLE KEYS */;
UNLOCK TABLES;

--
-- Table structure for table `tb_orders`
--

DROP TABLE IF EXISTS `tb_orders`;
/*!40101 SET @saved_cs_client     = @@character_set_client */;
/*!50503 SET character_set_client = utf8mb4 */;
CREATE TABLE `tb_orders` (
  `idorder` int(11) NOT NULL AUTO_INCREMENT,
  `idcart` int(11) NOT NULL,
  `iduser` int(11) NOT NULL,
  `idstatus` int(11) NOT NULL,
  `idaddress` int(11) NOT NULL,
  `vltotal` decimal(10,2) NOT NULL,
  `dtregister` timestamp NOT NULL DEFAULT current_timestamp(),
  PRIMARY KEY (`idorder`),
  KEY `FK_orders_users_idx` (`iduser`),
  KEY `fk_orders_ordersstatus_idx` (`idstatus`),
  KEY `fk_orders_carts_idx` (`idcart`),
  KEY `fk_orders_addresses_idx` (`idaddress`),
  CONSTRAINT `fk_orders_addresses` FOREIGN KEY (`idaddress`) REFERENCES `tb_addresses` (`idaddress`) ON DELETE NO ACTION ON UPDATE NO ACTION,
  CONSTRAINT `fk_orders_carts` FOREIGN KEY (`idcart`) REFERENCES `tb_carts` (`idcart`) ON DELETE NO ACTION ON UPDATE NO ACTION,
  CONSTRAINT `fk_orders_ordersstatus` FOREIGN KEY (`idstatus`) REFERENCES `tb_ordersstatus` (`idstatus`) ON DELETE NO ACTION ON UPDATE NO ACTION,
  CONSTRAINT `fk_orders_users` FOREIGN KEY (`iduser`) REFERENCES `tb_users` (`iduser`) ON DELETE NO ACTION ON UPDATE NO ACTION
) ENGINE=InnoDB AUTO_INCREMENT=5 DEFAULT CHARSET=utf8;
/*!40101 SET character_set_client = @saved_cs_client */;

--
-- Dumping data for table `tb_orders`
--

LOCK TABLES `tb_orders` WRITE;
/*!40000 ALTER TABLE `tb_orders` DISABLE KEYS */;
/*!40000 ALTER TABLE `tb_orders` ENABLE KEYS */;
UNLOCK TABLES;

--
-- Table structure for table `tb_ordersstatus`
--

DROP TABLE IF EXISTS `tb_ordersstatus`;
/*!40101 SET @saved_cs_client     = @@character_set_client */;
/*!50503 SET character_set_client = utf8mb4 */;
CREATE TABLE `tb_ordersstatus` (
  `idstatus` int(11) NOT NULL AUTO_INCREMENT,
  `desstatus` varchar(32) NOT NULL,
  `dtregister` timestamp NOT NULL DEFAULT current_timestamp(),
  PRIMARY KEY (`idstatus`)
) ENGINE=InnoDB AUTO_INCREMENT=5 DEFAULT CHARSET=utf8;
/*!40101 SET character_set_client = @saved_cs_client */;

--
-- Dumping data for table `tb_ordersstatus`
--

LOCK TABLES `tb_ordersstatus` WRITE;
/*!40000 ALTER TABLE `tb_ordersstatus` DISABLE KEYS */;
INSERT INTO `tb_ordersstatus` VALUES (1,'Em Aberto','2017-03-13 06:00:00'),(2,'Aguardando Pagamento','2017-03-13 06:00:00'),(3,'Pago','2017-03-13 06:00:00'),(4,'Entregue','2017-03-13 06:00:00');
/*!40000 ALTER TABLE `tb_ordersstatus` ENABLE KEYS */;
UNLOCK TABLES;

--
-- Table structure for table `tb_persons`
--

DROP TABLE IF EXISTS `tb_persons`;
/*!40101 SET @saved_cs_client     = @@character_set_client */;
/*!50503 SET character_set_client = utf8mb4 */;
CREATE TABLE `tb_persons` (
  `idperson` int(11) NOT NULL AUTO_INCREMENT,
  `desperson` varchar(64) NOT NULL,
  `desemail` varchar(128) DEFAULT NULL,
  `nrphone` bigint(20) DEFAULT NULL,
  `dtregister` timestamp NOT NULL DEFAULT current_timestamp(),
  PRIMARY KEY (`idperson`)
) ENGINE=InnoDB AUTO_INCREMENT=27 DEFAULT CHARSET=utf8;
/*!40101 SET character_set_client = @saved_cs_client */;

--
-- Dumping data for table `tb_persons`
--

LOCK TABLES `tb_persons` WRITE;
/*!40000 ALTER TABLE `tb_persons` DISABLE KEYS */;
INSERT INTO `tb_persons` VALUES (1,'João','admin@hcode.com.br',2147483647,'2017-03-01 06:00:00');
/*!40000 ALTER TABLE `tb_persons` ENABLE KEYS */;
UNLOCK TABLES;

--
-- Table structure for table `tb_products`
--

DROP TABLE IF EXISTS `tb_products`;
/*!40101 SET @saved_cs_client     = @@character_set_client */;
/*!50503 SET character_set_client = utf8mb4 */;
CREATE TABLE `tb_products` (
  `idproduct` int(11) NOT NULL AUTO_INCREMENT,
  `desproduct` varchar(64) NOT NULL,
  `vlprice` decimal(10,2) NOT NULL,
  `vlwidth` decimal(10,2) NOT NULL,
  `vlheight` decimal(10,2) NOT NULL,
  `vllength` decimal(10,2) NOT NULL,
  `vlweight` decimal(10,2) NOT NULL,
  `desurl` varchar(128) NOT NULL,
  `dtregister` timestamp NOT NULL DEFAULT current_timestamp(),
  PRIMARY KEY (`idproduct`)
) ENGINE=InnoDB AUTO_INCREMENT=11 DEFAULT CHARSET=utf8;
/*!40101 SET character_set_client = @saved_cs_client */;

--
-- Dumping data for table `tb_products`
--

LOCK TABLES `tb_products` WRITE;
/*!40000 ALTER TABLE `tb_products` DISABLE KEYS */;
INSERT INTO `tb_products` VALUES (6,'Smartphone Motorola Moto G5 Plus',1135.23,15.20,7.40,0.70,0.16,'smartphone-motorola-moto-g5-plus','2020-08-22 22:55:42'),(7,'Smartphone Moto Z Play',1887.78,14.10,0.90,1.16,0.13,'smartphone-moto-z-play','2020-08-22 22:55:42'),(8,'Smartphone Samsung Galaxy J5 Pro',1299.00,14.60,7.10,0.80,0.16,'smartphone-samsung-galaxy-j5','2020-08-22 22:55:42'),(9,'Smartphone Samsung Galaxy J7 Prime',1149.00,15.10,7.50,0.80,0.16,'smartphone-samsung-galaxy-j7','2020-08-22 22:55:42'),(10,'Smartphone Samsung Galaxy J3 Dual',679.90,14.20,7.10,0.70,0.14,'smartphone-samsung-galaxy-j3','2020-08-22 22:55:42');
/*!40000 ALTER TABLE `tb_products` ENABLE KEYS */;
UNLOCK TABLES;

--
-- Table structure for table `tb_productscategories`
--

DROP TABLE IF EXISTS `tb_productscategories`;
/*!40101 SET @saved_cs_client     = @@character_set_client */;
/*!50503 SET character_set_client = utf8mb4 */;
CREATE TABLE `tb_productscategories` (
  `idcategory` int(11) NOT NULL,
  `idproduct` int(11) NOT NULL,
  PRIMARY KEY (`idcategory`,`idproduct`),
  KEY `fk_productscategories_products_idx` (`idproduct`),
  CONSTRAINT `fk_productscategories_categories` FOREIGN KEY (`idcategory`) REFERENCES `tb_categories` (`idcategory`) ON DELETE NO ACTION ON UPDATE NO ACTION,
  CONSTRAINT `fk_productscategories_products` FOREIGN KEY (`idproduct`) REFERENCES `tb_products` (`idproduct`) ON DELETE NO ACTION ON UPDATE NO ACTION
) ENGINE=InnoDB DEFAULT CHARSET=utf8;
/*!40101 SET character_set_client = @saved_cs_client */;

--
-- Dumping data for table `tb_productscategories`
--

LOCK TABLES `tb_productscategories` WRITE;
/*!40000 ALTER TABLE `tb_productscategories` DISABLE KEYS */;
INSERT INTO `tb_productscategories` VALUES (9,8),(9,9),(9,10),(10,6),(10,7);
/*!40000 ALTER TABLE `tb_productscategories` ENABLE KEYS */;
UNLOCK TABLES;

--
-- Table structure for table `tb_users`
--

DROP TABLE IF EXISTS `tb_users`;
/*!40101 SET @saved_cs_client     = @@character_set_client */;
/*!50503 SET character_set_client = utf8mb4 */;
CREATE TABLE `tb_users` (
  `iduser` int(11) NOT NULL AUTO_INCREMENT,
  `idperson` int(11) NOT NULL,
  `deslogin` varchar(64) NOT NULL,
  `despassword` varchar(256) NOT NULL,
  `inadmin` tinyint(4) NOT NULL DEFAULT 0,
  `dtregister` timestamp NOT NULL DEFAULT current_timestamp(),
  PRIMARY KEY (`iduser`),
  KEY `FK_users_persons_idx` (`idperson`),
  CONSTRAINT `fk_users_persons` FOREIGN KEY (`idperson`) REFERENCES `tb_persons` (`idperson`) ON DELETE NO ACTION ON UPDATE NO ACTION
) ENGINE=InnoDB AUTO_INCREMENT=27 DEFAULT CHARSET=utf8;
/*!40101 SET character_set_client = @saved_cs_client */;

--
-- Dumping data for table `tb_users`
--

LOCK TABLES `tb_users` WRITE;
/*!40000 ALTER TABLE `tb_users` DISABLE KEYS */;
INSERT INTO `tb_users` VALUES (1,1,'admin','$2y$12$HJ6PzDYEY5mNDthXzyjqfeqaKwNQl/AX81AphNDBziuSqUxbzMCUm',1,'2017-03-13 06:00:00');
/*!40000 ALTER TABLE `tb_users` ENABLE KEYS */;
UNLOCK TABLES;

--
-- Table structure for table `tb_userslogs`
--

DROP TABLE IF EXISTS `tb_userslogs`;
/*!40101 SET @saved_cs_client     = @@character_set_client */;
/*!50503 SET character_set_client = utf8mb4 */;
CREATE TABLE `tb_userslogs` (
  `idlog` int(11) NOT NULL AUTO_INCREMENT,
  `iduser` int(11) NOT NULL,
  `deslog` varchar(128) NOT NULL,
  `desip` varchar(45) NOT NULL,
  `desuseragent` varchar(128) NOT NULL,
  `dessessionid` varchar(64) NOT NULL,
  `desurl` varchar(128) NOT NULL,
  `dtregister` timestamp NOT NULL DEFAULT current_timestamp(),
  PRIMARY KEY (`idlog`),
  KEY `fk_userslogs_users_idx` (`iduser`),
  CONSTRAINT `fk_userslogs_users` FOREIGN KEY (`iduser`) REFERENCES `tb_users` (`iduser`) ON DELETE NO ACTION ON UPDATE NO ACTION
) ENGINE=InnoDB DEFAULT CHARSET=utf8;
/*!40101 SET character_set_client = @saved_cs_client */;

--
-- Dumping data for table `tb_userslogs`
--

LOCK TABLES `tb_userslogs` WRITE;
/*!40000 ALTER TABLE `tb_userslogs` DISABLE KEYS */;
/*!40000 ALTER TABLE `tb_userslogs` ENABLE KEYS */;
UNLOCK TABLES;

--
-- Table structure for table `tb_userspasswordsrecoveries`
--

DROP TABLE IF EXISTS `tb_userspasswordsrecoveries`;
/*!40101 SET @saved_cs_client     = @@character_set_client */;
/*!50503 SET character_set_client = utf8mb4 */;
CREATE TABLE `tb_userspasswordsrecoveries` (
  `idrecovery` int(11) NOT NULL AUTO_INCREMENT,
  `iduser` int(11) NOT NULL,
  `desip` varchar(45) NOT NULL,
  `dtrecovery` datetime DEFAULT NULL,
  `dtregister` timestamp NOT NULL DEFAULT current_timestamp(),
  PRIMARY KEY (`idrecovery`),
  KEY `fk_userspasswordsrecoveries_users_idx` (`iduser`),
  CONSTRAINT `fk_userspasswordsrecoveries_users` FOREIGN KEY (`iduser`) REFERENCES `tb_users` (`iduser`) ON DELETE NO ACTION ON UPDATE NO ACTION
) ENGINE=InnoDB AUTO_INCREMENT=50 DEFAULT CHARSET=utf8;
/*!40101 SET character_set_client = @saved_cs_client */;

--
-- Dumping data for table `tb_userspasswordsrecoveries`
--

LOCK TABLES `tb_userspasswordsrecoveries` WRITE;
/*!40000 ALTER TABLE `tb_userspasswordsrecoveries` DISABLE KEYS */;
/*!40000 ALTER TABLE `tb_userspasswordsrecoveries` ENABLE KEYS */;
UNLOCK TABLES;

--
-- Dumping events for database 'db_ecommerce'
--

--
-- Dumping routines for database 'db_ecommerce'
--
/*!50003 DROP PROCEDURE IF EXISTS `sp_addresses_save` */;
/*!50003 SET @saved_cs_client      = @@character_set_client */ ;
/*!50003 SET @saved_cs_results     = @@character_set_results */ ;
/*!50003 SET @saved_col_connection = @@collation_connection */ ;
/*!50003 SET character_set_client  = utf8mb4 */ ;
/*!50003 SET character_set_results = utf8mb4 */ ;
/*!50003 SET collation_connection  = utf8mb4_general_ci */ ;
/*!50003 SET @saved_sql_mode       = @@sql_mode */ ;
/*!50003 SET sql_mode              = 'NO_ZERO_IN_DATE,NO_ZERO_DATE,NO_ENGINE_SUBSTITUTION' */ ;
DELIMITER ;;
CREATE DEFINER=`root`@`localhost` PROCEDURE `sp_addresses_save`(
pidaddress int(11), 
pidperson int(11),
pdesaddress varchar(128),
pdescomplement varchar(32),
pdescity varchar(32),
pdesstate varchar(32),
pdescountry varchar(32),
pnrzipcode char(8),
pdesdistrict varchar(32)
)
BEGIN

	IF pidaddress > 0 THEN
		
		UPDATE tb_addresses
        SET
			idperson = pidperson,
            desaddress = pdesaddress,
            descomplement = pdescomplement,
            descity = pdescity,
            desstate = pdesstate,
            descountry = pdescountry,
            nrzipcode = pnrzipcode, 
            desdistrict = pdesdistrict
		WHERE idaddress = pidaddress;
        
    ELSE
		
		INSERT INTO tb_addresses (idperson, desaddress, descomplement, descity, desstate, descountry, nrzipcode, desdistrict)
        VALUES(pidperson, pdesaddress, pdescomplement, pdescity, pdesstate, pdescountry, nrzipcode, pdesdistrict);
        
        SET pidaddress = LAST_INSERT_ID();
        
    END IF;
    
    SELECT * FROM tb_addresses WHERE idaddress = pidaddress;

END ;;
DELIMITER ;
/*!50003 SET sql_mode              = @saved_sql_mode */ ;
/*!50003 SET character_set_client  = @saved_cs_client */ ;
/*!50003 SET character_set_results = @saved_cs_results */ ;
/*!50003 SET collation_connection  = @saved_col_connection */ ;
/*!50003 DROP PROCEDURE IF EXISTS `sp_carts_save` */;
/*!50003 SET @saved_cs_client      = @@character_set_client */ ;
/*!50003 SET @saved_cs_results     = @@character_set_results */ ;
/*!50003 SET @saved_col_connection = @@collation_connection */ ;
/*!50003 SET character_set_client  = utf8mb4 */ ;
/*!50003 SET character_set_results = utf8mb4 */ ;
/*!50003 SET collation_connection  = utf8mb4_general_ci */ ;
/*!50003 SET @saved_sql_mode       = @@sql_mode */ ;
/*!50003 SET sql_mode              = 'NO_ZERO_IN_DATE,NO_ZERO_DATE,NO_ENGINE_SUBSTITUTION' */ ;
DELIMITER ;;
CREATE DEFINER=`root`@`localhost` PROCEDURE `sp_carts_save`(
pidcart INT,
pdessessionid VARCHAR(64),
piduser INT,
pdeszipcode CHAR(8),
pvlfreight DECIMAL(10,2),
pnrdays INT
)
BEGIN

    IF pidcart > 0 THEN
        
        UPDATE tb_carts
        SET
            dessessionid = pdessessionid,
            iduser = piduser,
            deszipcode = pdeszipcode,
            vlfreight = pvlfreight,
            nrdays = pnrdays
        WHERE idcart = pidcart;
        
    ELSE
        
        INSERT INTO tb_carts (dessessionid, iduser, deszipcode, vlfreight, nrdays)
        VALUES(pdessessionid, piduser, pdeszipcode, pvlfreight, pnrdays);
        
        SET pidcart = LAST_INSERT_ID();
        
    END IF;
    
    SELECT * FROM tb_carts WHERE idcart = pidcart;

END ;;
DELIMITER ;
/*!50003 SET sql_mode              = @saved_sql_mode */ ;
/*!50003 SET character_set_client  = @saved_cs_client */ ;
/*!50003 SET character_set_results = @saved_cs_results */ ;
/*!50003 SET collation_connection  = @saved_col_connection */ ;
/*!50003 DROP PROCEDURE IF EXISTS `sp_categories_save` */;
/*!50003 SET @saved_cs_client      = @@character_set_client */ ;
/*!50003 SET @saved_cs_results     = @@character_set_results */ ;
/*!50003 SET @saved_col_connection = @@collation_connection */ ;
/*!50003 SET character_set_client  = utf8mb4 */ ;
/*!50003 SET character_set_results = utf8mb4 */ ;
/*!50003 SET collation_connection  = utf8mb4_general_ci */ ;
/*!50003 SET @saved_sql_mode       = @@sql_mode */ ;
/*!50003 SET sql_mode              = 'NO_ZERO_IN_DATE,NO_ZERO_DATE,NO_ENGINE_SUBSTITUTION' */ ;
DELIMITER ;;
CREATE DEFINER=`root`@`localhost` PROCEDURE `sp_categories_save`(
pidcategory INT,
pdescategory VARCHAR(64)
)
BEGIN
	
	IF pidcategory > 0 THEN
		
		UPDATE tb_categories
        SET descategory = pdescategory
        WHERE idcategory = pidcategory;
        
    ELSE
		
		INSERT INTO tb_categories (descategory) VALUES(pdescategory);
        
        SET pidcategory = LAST_INSERT_ID();
        
    END IF;
    
    SELECT * FROM tb_categories WHERE idcategory = pidcategory;
    
END ;;
DELIMITER ;
/*!50003 SET sql_mode              = @saved_sql_mode */ ;
/*!50003 SET character_set_client  = @saved_cs_client */ ;
/*!50003 SET character_set_results = @saved_cs_results */ ;
/*!50003 SET collation_connection  = @saved_col_connection */ ;
/*!50003 DROP PROCEDURE IF EXISTS `sp_orders_save` */;
/*!50003 SET @saved_cs_client      = @@character_set_client */ ;
/*!50003 SET @saved_cs_results     = @@character_set_results */ ;
/*!50003 SET @saved_col_connection = @@collation_connection */ ;
/*!50003 SET character_set_client  = utf8mb4 */ ;
/*!50003 SET character_set_results = utf8mb4 */ ;
/*!50003 SET collation_connection  = utf8mb4_general_ci */ ;
/*!50003 SET @saved_sql_mode       = @@sql_mode */ ;
/*!50003 SET sql_mode              = 'NO_ZERO_IN_DATE,NO_ZERO_DATE,NO_ENGINE_SUBSTITUTION' */ ;
DELIMITER ;;
CREATE DEFINER=`root`@`localhost` PROCEDURE `sp_orders_save`(
pidorder INT,
pidcart int(11),
piduser int(11),
pidstatus int(11),
pidaddress int(11),
pvltotal decimal(10,2)
)
BEGIN
	
	IF pidorder > 0 THEN
		
		UPDATE tb_orders
        SET
			idcart = pidcart,
            iduser = piduser,
            idstatus = pidstatus,
            idaddress = pidaddress,
            vltotal = pvltotal
		WHERE idorder = pidorder;
        
    ELSE
    
		INSERT INTO tb_orders (idcart, iduser, idstatus, idaddress, vltotal)
        VALUES(pidcart, piduser, pidstatus, pidaddress, pvltotal);
		
		SET pidorder = LAST_INSERT_ID();
        
    END IF;
    
    SELECT * 
    FROM tb_orders a
    INNER JOIN tb_ordersstatus b USING(idstatus)
    INNER JOIN tb_carts c USING(idcart)
    INNER JOIN tb_users d ON d.iduser = a.iduser
    INNER JOIN tb_addresses e USING(idaddress)
    WHERE idorder = pidorder;
    
END ;;
DELIMITER ;
/*!50003 SET sql_mode              = @saved_sql_mode */ ;
/*!50003 SET character_set_client  = @saved_cs_client */ ;
/*!50003 SET character_set_results = @saved_cs_results */ ;
/*!50003 SET collation_connection  = @saved_col_connection */ ;
/*!50003 DROP PROCEDURE IF EXISTS `sp_products_save` */;
/*!50003 SET @saved_cs_client      = @@character_set_client */ ;
/*!50003 SET @saved_cs_results     = @@character_set_results */ ;
/*!50003 SET @saved_col_connection = @@collation_connection */ ;
/*!50003 SET character_set_client  = utf8mb4 */ ;
/*!50003 SET character_set_results = utf8mb4 */ ;
/*!50003 SET collation_connection  = utf8mb4_general_ci */ ;
/*!50003 SET @saved_sql_mode       = @@sql_mode */ ;
/*!50003 SET sql_mode              = 'NO_ZERO_IN_DATE,NO_ZERO_DATE,NO_ENGINE_SUBSTITUTION' */ ;
DELIMITER ;;
CREATE DEFINER=`root`@`localhost` PROCEDURE `sp_products_save`(
pidproduct int(11),
pdesproduct varchar(64),
pvlprice decimal(10,2),
pvlwidth decimal(10,2),
pvlheight decimal(10,2),
pvllength decimal(10,2),
pvlweight decimal(10,2),
pdesurl varchar(128)
)
BEGIN
	
	IF pidproduct > 0 THEN
		
		UPDATE tb_products
        SET 
			desproduct = pdesproduct,
            vlprice = pvlprice,
            vlwidth = pvlwidth,
            vlheight = pvlheight,
            vllength = pvllength,
            vlweight = pvlweight,
            desurl = pdesurl
        WHERE idproduct = pidproduct;
        
    ELSE
		
		INSERT INTO tb_products (desproduct, vlprice, vlwidth, vlheight, vllength, vlweight, desurl) 
        VALUES(pdesproduct, pvlprice, pvlwidth, pvlheight, pvllength, pvlweight, pdesurl);
        
        SET pidproduct = LAST_INSERT_ID();
        
    END IF;
    
    SELECT * FROM tb_products WHERE idproduct = pidproduct;
    
END ;;
DELIMITER ;
/*!50003 SET sql_mode              = @saved_sql_mode */ ;
/*!50003 SET character_set_client  = @saved_cs_client */ ;
/*!50003 SET character_set_results = @saved_cs_results */ ;
/*!50003 SET collation_connection  = @saved_col_connection */ ;
/*!50003 DROP PROCEDURE IF EXISTS `sp_userspasswordsrecoveries_create` */;
/*!50003 SET @saved_cs_client      = @@character_set_client */ ;
/*!50003 SET @saved_cs_results     = @@character_set_results */ ;
/*!50003 SET @saved_col_connection = @@collation_connection */ ;
/*!50003 SET character_set_client  = utf8mb4 */ ;
/*!50003 SET character_set_results = utf8mb4 */ ;
/*!50003 SET collation_connection  = utf8mb4_general_ci */ ;
/*!50003 SET @saved_sql_mode       = @@sql_mode */ ;
/*!50003 SET sql_mode              = 'NO_ZERO_IN_DATE,NO_ZERO_DATE,NO_ENGINE_SUBSTITUTION' */ ;
DELIMITER ;;
CREATE DEFINER=`root`@`localhost` PROCEDURE `sp_userspasswordsrecoveries_create`(
piduser INT,
pdesip VARCHAR(45)
)
BEGIN
  
  INSERT INTO tb_userspasswordsrecoveries (iduser, desip)
    VALUES(piduser, pdesip);
    
    SELECT idrecovery FROM tb_userspasswordsrecoveries
    WHERE idrecovery = LAST_INSERT_ID();
    
END ;;
DELIMITER ;
/*!50003 SET sql_mode              = @saved_sql_mode */ ;
/*!50003 SET character_set_client  = @saved_cs_client */ ;
/*!50003 SET character_set_results = @saved_cs_results */ ;
/*!50003 SET collation_connection  = @saved_col_connection */ ;
/*!50003 DROP PROCEDURE IF EXISTS `sp_usersupdate_save` */;
/*!50003 SET @saved_cs_client      = @@character_set_client */ ;
/*!50003 SET @saved_cs_results     = @@character_set_results */ ;
/*!50003 SET @saved_col_connection = @@collation_connection */ ;
/*!50003 SET character_set_client  = utf8 */ ;
/*!50003 SET character_set_results = utf8 */ ;
/*!50003 SET collation_connection  = utf8mb4_general_ci */ ;
/*!50003 SET @saved_sql_mode       = @@sql_mode */ ;
/*!50003 SET sql_mode              = 'ONLY_FULL_GROUP_BY,STRICT_TRANS_TABLES,NO_ZERO_IN_DATE,NO_ZERO_DATE,ERROR_FOR_DIVISION_BY_ZERO,NO_ENGINE_SUBSTITUTION' */ ;
DELIMITER ;;
CREATE DEFINER=`root`@`localhost` PROCEDURE `sp_usersupdate_save`(
piduser INT,
pdesperson VARCHAR(64), 
pdeslogin VARCHAR(64), 
pdespassword VARCHAR(256), 
pdesemail VARCHAR(128), 
pnrphone BIGINT, 
pinadmin TINYINT
)
BEGIN
  
    DECLARE vidperson INT;
    
  SELECT idperson INTO vidperson
    FROM tb_users
    WHERE iduser = piduser;
    
    UPDATE tb_persons
    SET 
    desperson = pdesperson,
        desemail = pdesemail,
        nrphone = pnrphone
  WHERE idperson = vidperson;
    
    UPDATE tb_users
    SET
    deslogin = pdeslogin,
        despassword = pdespassword,
        inadmin = pinadmin
  WHERE iduser = piduser;
    
    SELECT * FROM tb_users a INNER JOIN tb_persons b USING(idperson) WHERE a.iduser = piduser;
    
END ;;
DELIMITER ;
/*!50003 SET sql_mode              = @saved_sql_mode */ ;
/*!50003 SET character_set_client  = @saved_cs_client */ ;
/*!50003 SET character_set_results = @saved_cs_results */ ;
/*!50003 SET collation_connection  = @saved_col_connection */ ;
/*!50003 DROP PROCEDURE IF EXISTS `sp_users_delete` */;
/*!50003 SET @saved_cs_client      = @@character_set_client */ ;
/*!50003 SET @saved_cs_results     = @@character_set_results */ ;
/*!50003 SET @saved_col_connection = @@collation_connection */ ;
/*!50003 SET character_set_client  = utf8mb4 */ ;
/*!50003 SET character_set_results = utf8mb4 */ ;
/*!50003 SET collation_connection  = utf8mb4_general_ci */ ;
/*!50003 SET @saved_sql_mode       = @@sql_mode */ ;
/*!50003 SET sql_mode              = 'NO_ZERO_IN_DATE,NO_ZERO_DATE,NO_ENGINE_SUBSTITUTION' */ ;
DELIMITER ;;
CREATE DEFINER=`root`@`localhost` PROCEDURE `sp_users_delete`(
piduser INT
)
BEGIN
    
    DECLARE vidperson INT;
    
    SET FOREIGN_KEY_CHECKS = 0;
	
	SELECT idperson INTO vidperson
    FROM tb_users
    WHERE iduser = piduser;
	
    DELETE FROM tb_addresses WHERE idperson = vidperson;
    DELETE FROM tb_addresses WHERE idaddress IN(SELECT idaddress FROM tb_orders WHERE iduser = piduser);
	DELETE FROM tb_persons WHERE idperson = vidperson;
    
    DELETE FROM tb_userslogs WHERE iduser = piduser;
    DELETE FROM tb_userspasswordsrecoveries WHERE iduser = piduser;
    DELETE FROM tb_orders WHERE iduser = piduser;
    DELETE FROM tb_cartsproducts WHERE idcart IN(SELECT idcart FROM tb_carts WHERE iduser = piduser);
    DELETE FROM tb_carts WHERE iduser = piduser;
    DELETE FROM tb_users WHERE iduser = piduser;
    
    SET FOREIGN_KEY_CHECKS = 1;
    
END ;;
DELIMITER ;
/*!50003 SET sql_mode              = @saved_sql_mode */ ;
/*!50003 SET character_set_client  = @saved_cs_client */ ;
/*!50003 SET character_set_results = @saved_cs_results */ ;
/*!50003 SET collation_connection  = @saved_col_connection */ ;
/*!50003 DROP PROCEDURE IF EXISTS `sp_users_save` */;
/*!50003 SET @saved_cs_client      = @@character_set_client */ ;
/*!50003 SET @saved_cs_results     = @@character_set_results */ ;
/*!50003 SET @saved_col_connection = @@collation_connection */ ;
/*!50003 SET character_set_client  = utf8 */ ;
/*!50003 SET character_set_results = utf8 */ ;
/*!50003 SET collation_connection  = utf8mb4_general_ci */ ;
/*!50003 SET @saved_sql_mode       = @@sql_mode */ ;
/*!50003 SET sql_mode              = 'ONLY_FULL_GROUP_BY,STRICT_TRANS_TABLES,NO_ZERO_IN_DATE,NO_ZERO_DATE,ERROR_FOR_DIVISION_BY_ZERO,NO_ENGINE_SUBSTITUTION' */ ;
DELIMITER ;;
CREATE DEFINER=`root`@`localhost` PROCEDURE `sp_users_save`(
pdesperson VARCHAR(64), 
pdeslogin VARCHAR(64), 
pdespassword VARCHAR(256), 
pdesemail VARCHAR(128), 
pnrphone BIGINT, 
pinadmin TINYINT
)
BEGIN
  
    DECLARE vidperson INT;
    
  INSERT INTO tb_persons (desperson, desemail, nrphone)
    VALUES(pdesperson, pdesemail, pnrphone);
    
    SET vidperson = LAST_INSERT_ID();
    
    INSERT INTO tb_users (idperson, deslogin, despassword, inadmin)
    VALUES(vidperson, pdeslogin, pdespassword, pinadmin);
    
    SELECT * FROM tb_users a INNER JOIN tb_persons b USING(idperson) WHERE a.iduser = LAST_INSERT_ID();
    
END ;;
DELIMITER ;
/*!50003 SET sql_mode              = @saved_sql_mode */ ;
/*!50003 SET character_set_client  = @saved_cs_client */ ;
/*!50003 SET character_set_results = @saved_cs_results */ ;
/*!50003 SET collation_connection  = @saved_col_connection */ ;
/*!40103 SET TIME_ZONE=@OLD_TIME_ZONE */;

/*!40101 SET SQL_MODE=@OLD_SQL_MODE */;
/*!40014 SET FOREIGN_KEY_CHECKS=@OLD_FOREIGN_KEY_CHECKS */;
/*!40014 SET UNIQUE_CHECKS=@OLD_UNIQUE_CHECKS */;
/*!40101 SET CHARACTER_SET_CLIENT=@OLD_CHARACTER_SET_CLIENT */;
/*!40101 SET CHARACTER_SET_RESULTS=@OLD_CHARACTER_SET_RESULTS */;
/*!40101 SET COLLATION_CONNECTION=@OLD_COLLATION_CONNECTION */;
/*!40111 SET SQL_NOTES=@OLD_SQL_NOTES */;

-- Dump completed on 2020-10-05 20:08:58
